{
    "robots": [
        {
            "name": "Kuka",
            "base_ZYZ": [
                0.0,
                0.0,
                0.0
            ],
            "base_translation": [
                [
                    -0.010
                ],
                [
                    0.3265
                ],
                [
                    -0.029
                ]
            ],
            "links": [
                {
                    "id": 0,
                    "d": 0.0,
                    "alpha": 0.0,
                    "a": 0.0,
                    "offset_q": 0.0,
                    "markers": [
                        {
                            "id": 9,
                            "ZYZ": [
                                -0.0,
                                -90.0,
                                -90.0
                            ],
                            "translation": [
                                [
                                    -0.08687866
                                ],
                                [
                                    -0.0423684
                                ],
                                [
                                    0.06524985
                                ]
                            ]
                        }
                    ]
                },
                {
                    "id": 1,
                    "d": 0.147,
                    "alpha": 90.0,
                    "a": 0.033,
                    "offset_q": 0.0,
                    "markers": [
                        {
                            "id": 6,
                            "ZYZ": [
                                -0.0,
                                -90.0,
                                -90.0
                            ],
                            "translation": [
                                [
                                    -0.11127701
                                ],
                                [
                                    0.02782743
                                ],
                                [
                                    0.01750152
                                ]
                            ]
                        }
                    ]
                },
                {
                    "id": 2,
                    "d": 0.0,
                    "alpha": 0.0,
                    "a": 0.155,
                    "offset_q": 90.0,
                    "markers": [
                        {
                            "id": 11,
                            "ZYZ": [
                                -0.0,
                                -90.0,
                                -90.0
                            ],
                            "translation": [
                                [
                                    -0.11127701
                                ],
                                [
                                    0.02782743
                                ],
                                [
                                    0.01750152
                                ]
                            ]
                        }
                    ]
                },
                {
                    "id": 3,
                    "d": 0.0,
                    "alpha": 0.0,
                    "a": 0.135,
                    "offset_q": 0.0,
                    "markers": [
                        {
                            "id": 3,
                            "ZYZ": [
                                -0.0,
                                -90.0,
                                -90.0
                            ],
                            "translation": [
                                [
                                    -0.11127701
                                ],
                                [
                                    0.02782743
                                ],
                                [
                                    0.01750152
                                ]
                            ]
                        }
                    ]
                },
                {
                    "id": 4,
                    "d": 0.0,
                    "alpha": 90.0,
                    "a": 0.0,
                    "offset_q": 90.0,
                    "markers": [
                        {
                            "id": 7,
                            "ZYZ": [
                                90,
                                90,
                                90
                            ],
                            "translation": [
                                [
                                    0.0
                                ],
                                [
                                    0.030
                                ],
                                [
                                    0.010
                                ]
                            ]
                        }
                    ]
                }
            ]
        }
    ],
    "markers": [
        {
            "id": 13,
            "ZYZ": [
                0,
                0,
                0
            ],
            "translation": [
                [
                    -0.08175
                ],
                [
                    0.0545
                ],
                [
                    0.0
                ]
            ]
        },
        {
            "id": 14,
            "ZYZ": [
                0,
                0,
                0
            ],
            "translation": [
                [
                    -0.02725
                ],
                [
                    0.0545
                ],
                [
                    0.0
                ]
            ]
        },
        {
            "id": 15,
            "ZYZ": [
                0,
                0,
                0
            ],
            "translation": [
                [
                    0.02725
                ],
                [
                    0.0545
                ],
                [
                    0.0
                ]
            ]
        },
        {
            "id": 16,
            "ZYZ": [
                0,
                0,
                0
            ],
            "translation": [
                [
                    0.08175
                ],
                [
                    0.0545
                ],
                [
                    0.0
                ]
            ]
        },

        {
            "id": 17,
            "ZYZ": [
                0,
                0,
                0
            ],
            "translation": [
                [
                    -0.08175
                ],
                [
                    0.0
                ],
                [
                    0.00
                ]
            ]
        },
        {
            "id": 18,
            "ZYZ": [
                0,
                0,
                0
            ],
            "translation": [
                [
                    -0.02725
                ],
                [
                    0.0
                ],
                [
                    0.0
                ]
            ]
        },
        {
            "id": 19,
            "ZYZ": [
                0,
                0,
                0
            ],
            "translation": [
                [
                    0.02725
                ],
                [
                    0.0
                ],
                [
                    0.0
                ]
            ]
        },
        {
            "id": 20,
            "ZYZ": [
                0,
                0,
                0
            ],