{
    "robots": [
        {
            "name": "Kuka",
            "base_ZYZ": [
                0.0,
                0.0,
                0.0
            ],
            "base_translation": [
                [
                    -0.010
                ],
                [
                    0.3265
                ],
                [
                    -0.029
                ]
            ],
            "links": [
                {
                    "id": 0,
                    "d": 0.0,
                    "alpha": 0.0,
                    "a": 0.0,
                    "offset_q": 0.0,
                    "markers": [
                        {
                            "id": 9,
                            "ZYZ": [
                                83.5480258,
                                -4.14241819,
                                -70.0515945
                            ],
                            "translation": [
                                [
                                    -0.113630602
                                ],
                                [
                                    -0.00803492160
                                ],
                                [
                                    0.0890668144
                                ]
                            ]
                        },
                        {
                            "id": 5,
                            "ZYZ": [
                                -218.721670,
                                -32.1549868,
                                -20.0808381
                            ],
                            "translation": [
                                [
                                    -0.0232631861
                                ],
                                [
                                    -0.0487605519
                                ],
                                [
                                    0.113064945
                                ]
                            ]
                        },
                        {
                            "id": 6,
                            "ZYZ": [
                                -137.8777499,
                                15.42915494,
                                45.90529888
                            ],
                            "translation": [
                                [
                                    -0.0569403990
                                ],
                                [
                                    0.0422994655
                                ],
                                [
                                    0.177120704
                                ]
                            ]
                        }
                    ]
                },
                {
                    "id": 1,
                    "d": 0.147,
                    "alpha": 90.0,
                    "a": 0.033,
                    "offset_q": 0.0,
                    "markers": [
                        {
                            "id": 10,
                            "ZYZ": [
                                17.8715528,
                                -22.96488575,
                                81.10823512
                            ],
                            "translation": [
                                [
                                    -0.0283405316
                                ],
                                [
                                    0.117789889
                                ],
                                [
                                    -0.0111225565
                                ]
                            ]
                        }
                    ]
                },
                {
                    "id": 2,
                    "d": 0.0,
                    "alpha": 0.0,
                    "a": 0.155,
                    "offset_q": 90.0,
                    "markers": [
                        {
                            "id": 11,
                            "ZYZ": [
                                -38.02084116,
                                -5.12829896,
                                -44.41113001
                            ],
                            "translation": [
                                [
                                    0.100110449
                                ],
                                [
                                    0.111620374
                                ],
                                [
                                    -0.00757689572
                                ]
                            ]
                        }
                    ]
                },
                {
                    "id": 3,
                    "d": 0.0,
                    "alpha": 0.0,
                    "a": 0.135,
                    "offset_q": 0.0,
                    "markers": [
                        {
                            "id": 3,
                            "ZYZ": [
                                -50.67135494,
                                -21.37616256,
                                -51.56189701
                            ],
                            "translation": [
                                [
                                    0.0421454225
                                ],
                                [
                                    0.0103596260
                                ],
                                [
                                    -0.00115571825
                                ]
                            ]
                        }
                    ]
                },
                {
                    "id": 4,
                    "d": 0.0,
                    "alpha": 90.0,
                    "a": 0.0,
                    "offset_q": 90.0,
                    "markers": [
                        {
                            "id": 7,
                            "ZYZ": [
                                93.3433420,
                                92.4130055,
                                -177.354726
                            ],
                            "translation": [
                                [
                                    0.0851934661
                                ],
                                [
                                    0.00293525461
                                ],
                                [
                                    0.151338875
                                ]
                            ]
                        }
                    ]
                }
            ]
        }
    ],
    "markers": [
        {
            "id": 13,
            "ZYZ": [
                0,
                0,
                0
            ],
            "translation": [
                [
                    -0.08175
                ],
                [
                    0.0545
                ],
                [
                    0.0
                ]
            ]
        },
        {
            "id": 14,
            "ZYZ": [
                0,
                0,
                0
            ],
            "translation": [
                [
                    -0.02725
                ],
                [
                    0.0545
                ],
                [
                    0.0
                ]
            ]
        },
        {
            "id": 15,
            "ZYZ": [
                0,
                0,
                0
            ],
            "translation": [
                [
                    0.02725
                ],
                [
                    0.0545
                ],
                [
                    0.0
                ]
            ]
        },
        {
            "id": 16,