{
    "distortion": [
        [
            0.06616869877393391,
            -0.17416652848924946,
            -0.010431984231646872,
            -0.01460368838526188,
            0.1490503603167499
        ]
    ],
    "cam_matrix": [
        [
            1475.5105524433102,
            0.0,
            892.1363043148058
        ],
        [
            0.0,
            1459.1211612405782,
            465.1059295830894
        ],
        [
            0.0,
            0.0,
            1.0
        ]
    ],
    "resolution": [
        1920,
        1080
    ]
}