{"distortion": [[-0.09502159118889819, 0.3309425538164503, 0.02119546499253407, -0.0030868205432226362, -0.41224617339734576]],
  "cam_matrix": [[496.89246698433897, 0.0, 332.5585668298527],
    [0.0, 499.9098774712457, 253.5296121619924],
    [0.0, 0.0, 1.0]]}