{
    "distortion": [
        [
            0.04607592427341878,
            0.05178427384902587,
            0.00527328025903509,
            -0.0005570548644694785,
            -1.9856440406842861
        ]
    ],
    "cam_matrix": [
        [
            2104.785398104831,
            0.0,
            847.3621654768028
        ],
        [
            0.0,
            2104.301067124548,
            634.9690071260615
        ],
        [
            0.0,
            0.0,
            1.0
        ]
    ],
    "resolution": [
        1600,
        1200
    ]
}