{
    "resolution": [
        1440,
        1080
    ],
    "distortion": [
        [
            0.14024086871512398,
            -0.2752701643489452,
            0.0018226085063087047,
            0.001542094569489541,
            0.1904840016366563
        ]
    ],
    "cam_matrix": [
        [
            1159.3734271315163,
            0.0,
            713.7908958950769
        ],
        [
            0.0,
            1160.71618510974,
            549.4964794028049
        ],
        [
            0.0,
            0.0,
            1.0
        ]
    ]
}