{
    "distortion": [
        [
            0.14212336801397268,
            -0.1735967326221848,
            -0.0003232717591888082,
            -0.006352331004263841,
            -0.099790856434134
        ]
    ],
    "resolution": [
        1440,
        1080
    ],
    "cam_matrix": [
        [
            1149.4868194504113,
            0.0,
            702.8732311446055
        ],
        [
            0.0,
            1153.146566973416,
            535.9272291792179
        ],
        [
            0.0,
            0.0,
            1.0
        ]
    ]
}