{
    "cam_matrix": [
        [
            493.27172377907783,
            0.0,
            319.91535060048136
        ],
        [
            0.0,
            491.7031662140149,
            236.35091437126346
        ],
        [
            0.0,
            0.0,
            1.0
        ]
    ],
    "resolution": [
        640,
        480
    ],
    "distortion": [
        [
            0.10001706029533541,
            -0.14405212151158978,
            0.0010963569359874969,
            -0.0005267830277206492,
            -0.13787562977356313
        ]
    ]
}